history_schema_version,stage,candidate,auroc,is_winner,config_json,control_fold_mean,control_fold_std,control_n_folds,control_fold_aurocs,auroc_ADC,auroc_FA,auroc_FLAIR,auroc_FLAIR*blur,auroc_T1w,auroc_T1w*blur,auroc_hipp-ADC,auroc_hipp-FA,auroc_hipp-FLAIR,auroc_hipp-T1w,auroc_hipp-qT1,auroc_hipp-thickness,auroc_qT1,auroc_qT1*blur,auroc_thickness,auroc_ADC_std,auroc_FA_std,auroc_FLAIR_std,auroc_FLAIR*blur_std,auroc_T1w_std,auroc_T1w*blur_std,auroc_hipp-ADC_std,auroc_hipp-FA_std,auroc_hipp-FLAIR_std,auroc_hipp-T1w_std,auroc_hipp-qT1_std,auroc_hipp-thickness_std,auroc_qT1_std,auroc_qT1*blur_std,auroc_thickness_std,normalization,wscore_preprocessing,intensity_depth_model,blur_depth_model,method,wscore_covariate_model,wscore_distribution,predictive_wscore,use_curvature_covariates,wscore_surface_smoothing_iterations,control_correlation_filter,control_correlation_quantile,prediction_variance_percentile,sample_surface,t1w_flair_self_norm,quant_sample_surface,subject_norm,dataset_norm,outlier_method,qc_alpha,cortical_smoothing,hippocampal_smoothing,site_harmonization,scoring_site_covariate,control_correlation_threshold
6,baseline,baseline,0.5550993223019577,True,"{""blur_depth_model"": ""boundary_gradient"", ""control_correlation_filter"": false, ""control_correlation_quantile"": null, ""control_correlation_threshold"": 0.6, ""cortical_smoothing"": 0, ""dataset_norm"": ""none"", ""hippocampal_smoothing"": 0, ""intensity_depth_model"": ""sample_white"", ""method"": ""zscore"", ""normalization"": ""none"", ""outlier_method"": ""none"", ""prediction_variance_percentile"": null, ""predictive_wscore"": false, ""qc_alpha"": null, ""quant_sample_surface"": ""white"", ""sample_surface"": ""white"", ""scoring_site_covariate"": false, ""site_harmonization"": ""none"", ""subject_norm"": ""none"", ""t1w_flair_self_norm"": null, ""use_curvature_covariates"": false, ""wscore_covariate_model"": ""linear"", ""wscore_distribution"": ""gaussian"", ""wscore_preprocessing"": ""none"", ""wscore_surface_smoothing_iterations"": 0}",0.5550993223019577,0.0,1.0,[0.555099],0.552231,0.512052,0.53229,0.47319,0.495246,0.534991,0.747109,0.52687,0.738651,0.602336,0.674292,0.570563,0.550387,0.549849,0.555863,0.0,0.0,0.0,0.0,0.0,0.0,0.0,0.0,0.0,0.0,0.0,0.0,0.0,0.0,0.0,none,none,sample_white,boundary_gradient,zscore,linear,gaussian,False,False,0,False,,,white,,white,none,none,none,,0,0,none,False,0.6
6,subject_norm,whitestripe,0.5637409561394066,False,"{""blur_depth_model"": ""boundary_gradient"", ""control_correlation_filter"": false, ""control_correlation_quantile"": null, ""control_correlation_threshold"": 0.6, ""cortical_smoothing"": 0, ""dataset_norm"": ""none"", ""hippocampal_smoothing"": 0, ""intensity_depth_model"": ""sample_white"", ""method"": ""zscore"", ""normalization"": ""whitestripe"", ""outlier_method"": ""none"", ""prediction_variance_percentile"": null, ""predictive_wscore"": false, ""qc_alpha"": null, ""quant_sample_surface"": ""white"", ""sample_surface"": ""white"", ""scoring_site_covariate"": false, ""site_harmonization"": ""none"", ""subject_norm"": ""whitestripe"", ""t1w_flair_self_norm"": null, ""use_curvature_covariates"": false, ""wscore_covariate_model"": ""linear"", ""wscore_distribution"": ""gaussian"", ""wscore_preprocessing"": ""none"", ""wscore_surface_smoothing_iterations"": 0}",0.5637409561394066,0.0,1.0,[0.563741],0.552231,0.512052,0.564016,0.598173,0.498528,0.552591,0.747109,0.52687,0.586217,0.585384,0.674292,0.570563,0.550387,0.549849,0.555863,0.0,0.0,0.0,0.0,0.0,0.0,0.0,0.0,0.0,0.0,0.0,0.0,0.0,0.0,0.0,whitestripe,none,sample_white,boundary_gradient,zscore,linear,gaussian,False,False,0,False,,,white,,white,whitestripe,none,none,,0,0,none,False,0.6
6,subject_norm,wm_mean,0.5641085159374357,False,"{""blur_depth_model"": ""boundary_gradient"", ""control_correlation_filter"": false, ""control_correlation_quantile"": null, ""control_correlation_threshold"": 0.6, ""cortical_smoothing"": 0, ""dataset_norm"": ""none"", ""hippocampal_smoothing"": 0, ""intensity_depth_model"": ""sample_white"", ""method"": ""zscore"", ""normalization"": ""wmmean"", ""outlier_method"": ""none"", ""prediction_variance_percentile"": null, ""predictive_wscore"": false, ""qc_alpha"": null, ""quant_sample_surface"": ""white"", ""sample_surface"": ""white"", ""scoring_site_covariate"": false, ""site_harmonization"": ""none"", ""subject_norm"": ""wmmean"", ""t1w_flair_self_norm"": null, ""use_curvature_covariates"": false, ""wscore_covariate_model"": ""linear"", ""wscore_distribution"": ""gaussian"", ""wscore_preprocessing"": ""none"", ""wscore_surface_smoothing_iterations"": 0}",0.5641085159374357,0.0,1.0,[0.564109],0.552231,0.512052,0.528214,0.606037,0.530898,0.582752,0.747109,0.52687,0.571908,0.538403,0.674292,0.570563,0.550387,0.549849,0.555863,0.0,0.0,0.0,0.0,0.0,0.0,0.0,0.0,0.0,0.0,0.0,0.0,0.0,0.0,0.0,wmmean,none,sample_white,boundary_gradient,zscore,linear,gaussian,False,False,0,False,,,white,,white,wmmean,none,none,,0,0,none,False,0.6
6,subject_norm,WINNER:wm_mean,0.5641085159374357,True,"{""blur_depth_model"": ""boundary_gradient"", ""control_correlation_filter"": false, ""control_correlation_quantile"": null, ""control_correlation_threshold"": 0.6, ""cortical_smoothing"": 0, ""dataset_norm"": ""none"", ""hippocampal_smoothing"": 0, ""intensity_depth_model"": ""sample_white"", ""method"": ""zscore"", ""normalization"": ""wmmean"", ""outlier_method"": ""none"", ""prediction_variance_percentile"": null, ""predictive_wscore"": false, ""qc_alpha"": null, ""quant_sample_surface"": ""white"", ""sample_surface"": ""white"", ""scoring_site_covariate"": false, ""site_harmonization"": ""none"", ""subject_norm"": ""wmmean"", ""t1w_flair_self_norm"": null, ""use_curvature_covariates"": false, ""wscore_covariate_model"": ""linear"", ""wscore_distribution"": ""gaussian"", ""wscore_preprocessing"": ""none"", ""wscore_surface_smoothing_iterations"": 0}",0.5641085159374357,0.0,1.0,[0.564109],0.552231,0.512052,0.528214,0.606037,0.530898,0.582752,0.747109,0.52687,0.571908,0.538403,0.674292,0.570563,0.550387,0.549849,0.555863,0.0,0.0,0.0,0.0,0.0,0.0,0.0,0.0,0.0,0.0,0.0,0.0,0.0,0.0,0.0,wmmean,none,sample_white,boundary_gradient,zscore,linear,gaussian,False,False,0,False,,,white,,white,wmmean,none,none,,0,0,none,False,0.6
6,outlier_detection,corr_q05,0.5648650059101743,False,"{""blur_depth_model"": ""boundary_gradient"", ""control_correlation_filter"": true, ""control_correlation_quantile"": 0.05, ""control_correlation_threshold"": 0.6, ""cortical_smoothing"": 0, ""dataset_norm"": ""none"", ""hippocampal_smoothing"": 0, ""intensity_depth_model"": ""sample_white"", ""method"": ""zscore"", ""normalization"": ""wmmean"", ""outlier_method"": ""correlation"", ""prediction_variance_percentile"": null, ""predictive_wscore"": false, ""qc_alpha"": null, ""quant_sample_surface"": ""white"", ""sample_surface"": ""white"", ""scoring_site_covariate"": false, ""site_harmonization"": ""none"", ""subject_norm"": ""wmmean"", ""t1w_flair_self_norm"": null, ""use_curvature_covariates"": false, ""wscore_covariate_model"": ""linear"", ""wscore_distribution"": ""gaussian"", ""wscore_preprocessing"": ""none"", ""wscore_surface_smoothing_iterations"": 0}",0.5648650059101743,0.0,1.0,[0.564865],0.552034,0.511973,0.53085,0.608904,0.531973,0.580753,0.746377,0.527241,0.575262,0.540277,0.675174,0.571652,0.549622,0.551112,0.556247,0.0,0.0,0.0,0.0,0.0,0.0,0.0,0.0,0.0,0.0,0.0,0.0,0.0,0.0,0.0,wmmean,none,sample_white,boundary_gradient,zscore,linear,gaussian,False,False,0,True,0.05,,white,,white,wmmean,none,correlation,,0,0,none,False,0.6
6,outlier_detection,corr_q10,0.565324579393752,False,"{""blur_depth_model"": ""boundary_gradient"", ""control_correlation_filter"": true, ""control_correlation_quantile"": 0.1, ""control_correlation_threshold"": 0.6, ""cortical_smoothing"": 0, ""dataset_norm"": ""none"", ""hippocampal_smoothing"": 0, ""intensity_depth_model"": ""sample_white"", ""method"": ""zscore"", ""normalization"": ""wmmean"", ""outlier_method"": ""correlation"", ""prediction_variance_percentile"": null, ""predictive_wscore"": false, ""qc_alpha"": null, ""quant_sample_surface"": ""white"", ""sample_surface"": ""white"", ""scoring_site_covariate"": false, ""site_harmonization"": ""none"", ""subject_norm"": ""wmmean"", ""t1w_flair_self_norm"": null, ""use_curvature_covariates"": false, ""wscore_covariate_model"": ""linear"", ""wscore_distribution"": ""gaussian"", ""wscore_preprocessing"": ""none"", ""wscore_surface_smoothing_iterations"": 0}",0.565324579393752,0.0,1.0,[0.565325],0.552022,0.511838,0.532138,0.612537,0.531553,0.579833,0.746917,0.526697,0.5776,0.540677,0.675145,0.571615,0.549318,0.55118,0.556531,0.0,0.0,0.0,0.0,0.0,0.0,0.0,0.0,0.0,0.0,0.0,0.0,0.0,0.0,0.0,wmmean,none,sample_white,boundary_gradient,zscore,linear,gaussian,False,False,0,True,0.1,,white,,white,wmmean,none,correlation,,0,0,none,False,0.6
6,outlier_detection,corr_q20,0.5661921972089833,False,"{""blur_depth_model"": ""boundary_gradient"", ""control_correlation_filter"": true, ""control_correlation_quantile"": 0.2, ""control_correlation_threshold"": 0.6, ""cortical_smoothing"": 0, ""dataset_norm"": ""none"", ""hippocampal_smoothing"": 0, ""intensity_depth_model"": ""sample_white"", ""method"": ""zscore"", ""normalization"": ""wmmean"", ""outlier_method"": ""correlation"", ""prediction_variance_percentile"": null, ""predictive_wscore"": false, ""qc_alpha"": null, ""quant_sample_surface"": ""white"", ""sample_surface"": ""white"", ""scoring_site_covariate"": false, ""site_harmonization"": ""none"", ""subject_norm"": ""wmmean"", ""t1w_flair_self_norm"": null, ""use_curvature_covariates"": false, ""wscore_covariate_model"": ""linear"", ""wscore_distribution"": ""gaussian"", ""wscore_preprocessing"": ""none"", ""wscore_surface_smoothing_iterations"": 0}",0.5661921972089833,0.0,1.0,[0.566192],0.55208,0.512188,0.534484,0.616636,0.531291,0.5779,0.747266,0.52795,0.578365,0.542,0.676683,0.574556,0.550325,0.5521,0.556536,0.0,0.0,0.0,0.0,0.0,0.0,0.0,0.0,0.0,0.0,0.0,0.0,0.0,0.0,0.0,wmmean,none,sample_white,boundary_gradient,zscore,linear,gaussian,False,False,0,True,0.2,,white,,white,wmmean,none,correlation,,0,0,none,False,0.6
6,outlier_detection,robpca_a0.01,0.5662987943463766,False,"{""blur_depth_model"": ""boundary_gradient"", ""control_correlation_filter"": false, ""control_correlation_quantile"": null, ""control_correlation_threshold"": 0.6, ""cortical_smoothing"": 0, ""dataset_norm"": ""none"", ""hippocampal_smoothing"": 0, ""intensity_depth_model"": ""sample_white"", ""method"": ""zscore"", ""normalization"": ""wmmean"", ""outlier_method"": ""robpca"", ""prediction_variance_percentile"": null, ""predictive_wscore"": false, ""qc_alpha"": 0.01, ""quant_sample_surface"": ""white"", ""sample_surface"": ""white"", ""scoring_site_covariate"": false, ""site_harmonization"": ""none"", ""subject_norm"": ""wmmean"", ""t1w_flair_self_norm"": null, ""use_curvature_covariates"": false, ""wscore_covariate_model"": ""linear"", ""wscore_distribution"": ""gaussian"", ""wscore_preprocessing"": ""none"", ""wscore_surface_smoothing_iterations"": 0}",0.5662987943463766,0.0,1.0,[0.566299],0.553871,0.512346,0.531846,0.612034,0.533001,0.582197,0.74753,0.528036,0.587511,0.537059,0.67464,0.57095,0.555259,0.551565,0.554802,0.0,0.0,0.0,0.0,0.0,0.0,0.0,0.0,0.0,0.0,0.0,0.0,0.0,0.0,0.0,wmmean,none,sample_white,boundary_gradient,zscore,linear,gaussian,False,False,0,False,,,white,,white,wmmean,none,robpca,0.01,0,0,none,False,0.6
6,outlier_detection,robpca_a0.05,0.5663643563536523,False,"{""blur_depth_model"": ""boundary_gradient"", ""control_correlation_filter"": false, ""control_correlation_quantile"": null, ""control_correlation_threshold"": 0.6, ""cortical_smoothing"": 0, ""dataset_norm"": ""none"", ""hippocampal_smoothing"": 0, ""intensity_depth_model"": ""sample_white"", ""method"": ""zscore"", ""normalization"": ""wmmean"", ""outlier_method"": ""robpca"", ""prediction_variance_percentile"": null, ""predictive_wscore"": false, ""qc_alpha"": 0.05, ""quant_sample_surface"": ""white"", ""sample_surface"": ""white"", ""scoring_site_covariate"": false, ""site_harmonization"": ""none"", ""subject_norm"": ""wmmean"", ""t1w_flair_self_norm"": null, ""use_curvature_covariates"": false, ""wscore_covariate_model"": ""linear"", ""wscore_distribution"": ""gaussian"", ""wscore_preprocessing"": ""none"", ""wscore_surface_smoothing_iterations"": 0}",0.5663643563536523,0.0,1.0,[0.566364],0.552914,0.510947,0.532167,0.614055,0.532434,0.582096,0.748031,0.527179,0.593943,0.534046,0.676025,0.570106,0.555046,0.551812,0.554715,0.0,0.0,0.0,0.0,0.0,0.0,0.0,0.0,0.0,0.0,0.0,0.0,0.0,0.0,0.0,wmmean,none,sample_white,boundary_gradient,zscore,linear,gaussian,False,False,0,False,,,white,,white,wmmean,none,robpca,0.05,0,0,none,False,0.6
6,outlier_detection,robpca_a0.10,0.5664500654615754,False,"{""blur_depth_model"": ""boundary_gradient"", ""control_correlation_filter"": false, ""control_correlation_quantile"": null, ""control_correlation_threshold"": 0.6, ""cortical_smoothing"": 0, ""dataset_norm"": ""none"", ""hippocampal_smoothing"": 0, ""intensity_depth_model"": ""sample_white"", ""method"": ""zscore"", ""normalization"": ""wmmean"", ""outlier_method"": ""robpca"", ""prediction_variance_percentile"": null, ""predictive_wscore"": false, ""qc_alpha"": 0.1, ""quant_sample_surface"": ""white"", ""sample_surface"": ""white"", ""scoring_site_covariate"": false, ""site_harmonization"": ""none"", ""subject_norm"": ""wmmean"", ""t1w_flair_self_norm"": null, ""use_curvature_covariates"": false, ""wscore_covariate_model"": ""linear"", ""wscore_distribution"": ""gaussian"", ""wscore_preprocessing"": ""none"", ""wscore_surface_smoothing_iterations"": 0}",0.5664500654615754,0.0,1.0,[0.56645],0.551787,0.510225,0.531313,0.615041,0.533636,0.581364,0.748339,0.528322,0.600282,0.531912,0.675451,0.568346,0.555819,0.552733,0.554233,0.0,0.0,0.0,0.0,0.0,0.0,0.0,0.0,0.0,0.0,0.0,0.0,0.0,0.0,0.0,wmmean,none,sample_white,boundary_gradient,zscore,linear,gaussian,False,False,0,False,,,white,,white,wmmean,none,robpca,0.1,0,0,none,False,0.6
6,outlier_detection,WINNER:robpca_a0.10,0.5664500654615754,True,"{""blur_depth_model"": ""boundary_gradient"", ""control_correlation_filter"": false, ""control_correlation_quantile"": null, ""control_correlation_threshold"": 0.6, ""cortical_smoothing"": 0, ""dataset_norm"": ""none"", ""hippocampal_smoothing"": 0, ""intensity_depth_model"": ""sample_white"", ""method"": ""zscore"", ""normalization"": ""wmmean"", ""outlier_method"": ""robpca"", ""prediction_variance_percentile"": null, ""predictive_wscore"": false, ""qc_alpha"": 0.1, ""quant_sample_surface"": ""white"", ""sample_surface"": ""white"", ""scoring_site_covariate"": false, ""site_harmonization"": ""none"", ""subject_norm"": ""wmmean"", ""t1w_flair_self_norm"": null, ""use_curvature_covariates"": false, ""wscore_covariate_model"": ""linear"", ""wscore_distribution"": ""gaussian"", ""wscore_preprocessing"": ""none"", ""wscore_surface_smoothing_iterations"": 0}",0.5664500654615754,0.0,1.0,[0.56645],0.551787,0.510225,0.531313,0.615041,0.533636,0.581364,0.748339,0.528322,0.600282,0.531912,0.675451,0.568346,0.555819,0.552733,0.554233,0.0,0.0,0.0,0.0,0.0,0.0,0.0,0.0,0.0,0.0,0.0,0.0,0.0,0.0,0.0,wmmean,none,sample_white,boundary_gradient,zscore,linear,gaussian,False,False,0,False,,,white,,white,wmmean,none,robpca,0.1,0,0,none,False,0.6
6,dataset_norm,ravel,0.5688280555964121,False,"{""blur_depth_model"": ""boundary_gradient"", ""control_correlation_filter"": false, ""control_correlation_quantile"": null, ""control_correlation_threshold"": 0.6, ""cortical_smoothing"": 0, ""dataset_norm"": ""ravel"", ""hippocampal_smoothing"": 0, ""intensity_depth_model"": ""sample_white"", ""method"": ""zscore"", ""normalization"": ""wmmeanRavel"", ""outlier_method"": ""robpca"", ""prediction_variance_percentile"": null, ""predictive_wscore"": false, ""qc_alpha"": 0.1, ""quant_sample_surface"": ""white"", ""sample_surface"": ""white"", ""scoring_site_covariate"": false, ""site_harmonization"": ""none"", ""subject_norm"": ""wmmean"", ""t1w_flair_self_norm"": null, ""use_curvature_covariates"": false, ""wscore_covariate_model"": ""linear"", ""wscore_distribution"": ""gaussian"", ""wscore_preprocessing"": ""none"", ""wscore_surface_smoothing_iterations"": 0}",0.5688280555964121,0.0,1.0,[0.568828],0.551788,0.510225,0.546503,0.609279,0.532724,0.565085,0.748339,0.528322,0.61777,0.581077,0.675451,0.568346,0.555819,0.552733,0.554233,0.0,0.0,0.0,0.0,0.0,0.0,0.0,0.0,0.0,0.0,0.0,0.0,0.0,0.0,0.0,wmmeanRavel,none,sample_white,boundary_gradient,zscore,linear,gaussian,False,False,0,False,,,white,,white,wmmean,ravel,robpca,0.1,0,0,none,False,0.6
6,dataset_norm,nyul,0.5629763911906309,False,"{""blur_depth_model"": ""boundary_gradient"", ""control_correlation_filter"": false, ""control_correlation_quantile"": null, ""control_correlation_threshold"": 0.6, ""cortical_smoothing"": 0, ""dataset_norm"": ""nyul"", ""hippocampal_smoothing"": 0, ""intensity_depth_model"": ""sample_white"", ""method"": ""zscore"", ""normalization"": ""wmmeanNyul"", ""outlier_method"": ""robpca"", ""prediction_variance_percentile"": null, ""predictive_wscore"": false, ""qc_alpha"": 0.1, ""quant_sample_surface"": ""white"", ""sample_surface"": ""white"", ""scoring_site_covariate"": false, ""site_harmonization"": ""none"", ""subject_norm"": ""wmmean"", ""t1w_flair_self_norm"": null, ""use_curvature_covariates"": false, ""wscore_covariate_model"": ""linear"", ""wscore_distribution"": ""gaussian"", ""wscore_preprocessing"": ""none"", ""wscore_surface_smoothing_iterations"": 0}",0.5629763911906309,0.0,1.0,[0.562976],0.551788,0.510225,0.53558,0.592858,0.534517,0.569234,0.748339,0.528322,0.566819,0.549018,0.675451,0.568346,0.555819,0.552733,0.554233,0.0,0.0,0.0,0.0,0.0,0.0,0.0,0.0,0.0,0.0,0.0,0.0,0.0,0.0,0.0,wmmeanNyul,none,sample_white,boundary_gradient,zscore,linear,gaussian,False,False,0,False,,,white,,white,wmmean,nyul,robpca,0.1,0,0,none,False,0.6
6,dataset_norm,WINNER:ravel,0.5688280555964121,True,"{""blur_depth_model"": ""boundary_gradient"", ""control_correlation_filter"": false, ""control_correlation_quantile"": null, ""control_correlation_threshold"": 0.6, ""cortical_smoothing"": 0, ""dataset_norm"": ""ravel"", ""hippocampal_smoothing"": 0, ""intensity_depth_model"": ""sample_white"", ""method"": ""zscore"", ""normalization"": ""wmmeanRavel"", ""outlier_method"": ""robpca"", ""prediction_variance_percentile"": null, ""predictive_wscore"": false, ""qc_alpha"": 0.1, ""quant_sample_surface"": ""white"", ""sample_surface"": ""white"", ""scoring_site_covariate"": false, ""site_harmonization"": ""none"", ""subject_norm"": ""wmmean"", ""t1w_flair_self_norm"": null, ""use_curvature_covariates"": false, ""wscore_covariate_model"": ""linear"", ""wscore_distribution"": ""gaussian"", ""wscore_preprocessing"": ""none"", ""wscore_surface_smoothing_iterations"": 0}",0.5688280555964121,0.0,1.0,[0.568828],0.551788,0.510225,0.546503,0.609279,0.532724,0.565085,0.748339,0.528322,0.61777,0.581077,0.675451,0.568346,0.555819,0.552733,0.554233,0.0,0.0,0.0,0.0,0.0,0.0,0.0,0.0,0.0,0.0,0.0,0.0,0.0,0.0,0.0,wmmeanRavel,none,sample_white,boundary_gradient,zscore,linear,gaussian,False,False,0,False,,,white,,white,wmmean,ravel,robpca,0.1,0,0,none,False,0.6
6,cortical_smoothing,cortex_2mm,0.5739757413779564,False,"{""blur_depth_model"": ""boundary_gradient"", ""control_correlation_filter"": false, ""control_correlation_quantile"": null, ""control_correlation_threshold"": 0.6, ""cortical_smoothing"": 2, ""dataset_norm"": ""ravel"", ""hippocampal_smoothing"": 0, ""intensity_depth_model"": ""sample_white"", ""method"": ""zscore"", ""normalization"": ""wmmeanRavel"", ""outlier_method"": ""robpca"", ""prediction_variance_percentile"": null, ""predictive_wscore"": false, ""qc_alpha"": 0.1, ""quant_sample_surface"": ""white"", ""sample_surface"": ""white"", ""scoring_site_covariate"": false, ""site_harmonization"": ""none"", ""subject_norm"": ""wmmean"", ""t1w_flair_self_norm"": null, ""use_curvature_covariates"": false, ""wscore_covariate_model"": ""linear"", ""wscore_distribution"": ""gaussian"", ""wscore_preprocessing"": ""none"", ""wscore_surface_smoothing_iterations"": 0}",0.5739757413779564,0.0,1.0,[0.573976],0.55839,0.513055,0.556728,0.627998,0.532043,0.573265,0.748339,0.528322,0.61777,0.581077,0.675451,0.568346,0.563823,0.559696,0.55621,0.0,0.0,0.0,0.0,0.0,0.0,0.0,0.0,0.0,0.0,0.0,0.0,0.0,0.0,0.0,wmmeanRavel,none,sample_white,boundary_gradient,zscore,linear,gaussian,False,False,0,False,,,white,,white,wmmean,ravel,robpca,0.1,2,0,none,False,0.6
6,cortical_smoothing,cortex_5mm,0.5864499610818759,False,"{""blur_depth_model"": ""boundary_gradient"", ""control_correlation_filter"": false, ""control_correlation_quantile"": null, ""control_correlation_threshold"": 0.6, ""cortical_smoothing"": 5, ""dataset_norm"": ""ravel"", ""hippocampal_smoothing"": 0, ""intensity_depth_model"": ""sample_white"", ""method"": ""zscore"", ""normalization"": ""wmmeanRavel"", ""outlier_method"": ""robpca"", ""prediction_variance_percentile"": null, ""predictive_wscore"": false, ""qc_alpha"": 0.1, ""quant_sample_surface"": ""white"", ""sample_surface"": ""white"", ""scoring_site_covariate"": false, ""site_harmonization"": ""none"", ""subject_norm"": ""wmmean"", ""t1w_flair_self_norm"": null, ""use_curvature_covariates"": false, ""wscore_covariate_model"": ""linear"", ""wscore_distribution"": ""gaussian"", ""wscore_preprocessing"": ""none"", ""wscore_surface_smoothing_iterations"": 0}",0.5864499610818759,0.0,1.0,[0.58645],0.584924,0.522715,0.581456,0.657844,0.535814,0.587275,0.748339,0.528322,0.61777,0.581077,0.675451,0.568346,0.582284,0.57139,0.566683,0.0,0.0,0.0,0.0,0.0,0.0,0.0,0.0,0.0,0.0,0.0,0.0,0.0,0.0,0.0,wmmeanRavel,none,sample_white,boundary_gradient,zscore,linear,gaussian,False,False,0,False,,,white,,white,wmmean,ravel,robpca,0.1,5,0,none,False,0.6
6,cortical_smoothing,cortex_10mm,0.5992378477184795,False,"{""blur_depth_model"": ""boundary_gradient"", ""control_correlation_filter"": false, ""control_correlation_quantile"": null, ""control_correlation_threshold"": 0.6, ""cortical_smoothing"": 10, ""dataset_norm"": ""ravel"", ""hippocampal_smoothing"": 0, ""intensity_depth_model"": ""sample_white"", ""method"": ""zscore"", ""normalization"": ""wmmeanRavel"", ""outlier_method"": ""robpca"", ""prediction_variance_percentile"": null, ""predictive_wscore"": false, ""qc_alpha"": 0.1, ""quant_sample_surface"": ""white"", ""sample_surface"": ""white"", ""scoring_site_covariate"": false, ""site_harmonization"": ""none"", ""subject_norm"": ""wmmean"", ""t1w_flair_self_norm"": null, ""use_curvature_covariates"": false, ""wscore_covariate_model"": ""linear"", ""wscore_distribution"": ""gaussian"", ""wscore_preprocessing"": ""none"", ""wscore_surface_smoothing_iterations"": 0}",0.5992378477184795,0.0,1.0,[0.599238],0.614607,0.52662,0.612139,0.687761,0.539918,0.60293,0.748339,0.528322,0.61777,0.581077,0.675451,0.568346,0.598199,0.583549,0.576168,0.0,0.0,0.0,0.0,0.0,0.0,0.0,0.0,0.0,0.0,0.0,0.0,0.0,0.0,0.0,wmmeanRavel,none,sample_white,boundary_gradient,zscore,linear,gaussian,False,False,0,False,,,white,,white,wmmean,ravel,robpca,0.1,10,0,none,False,0.6
6,cortical_smoothing,WINNER:cortex_10mm,0.5992378477184795,True,"{""blur_depth_model"": ""boundary_gradient"", ""control_correlation_filter"": false, ""control_correlation_quantile"": null, ""control_correlation_threshold"": 0.6, ""cortical_smoothing"": 10, ""dataset_norm"": ""ravel"", ""hippocampal_smoothing"": 0, ""intensity_depth_model"": ""sample_white"", ""method"": ""zscore"", ""normalization"": ""wmmeanRavel"", ""outlier_method"": ""robpca"", ""prediction_variance_percentile"": null, ""predictive_wscore"": false, ""qc_alpha"": 0.1, ""quant_sample_surface"": ""white"", ""sample_surface"": ""white"", ""scoring_site_covariate"": false, ""site_harmonization"": ""none"", ""subject_norm"": ""wmmean"", ""t1w_flair_self_norm"": null, ""use_curvature_covariates"": false, ""wscore_covariate_model"": ""linear"", ""wscore_distribution"": ""gaussian"", ""wscore_preprocessing"": ""none"", ""wscore_surface_smoothing_iterations"": 0}",0.5992378477184795,0.0,1.0,[0.599238],0.614607,0.52662,0.612139,0.687761,0.539918,0.60293,0.748339,0.528322,0.61777,0.581077,0.675451,0.568346,0.598199,0.583549,0.576168,0.0,0.0,0.0,0.0,0.0,0.0,0.0,0.0,0.0,0.0,0.0,0.0,0.0,0.0,0.0,wmmeanRavel,none,sample_white,boundary_gradient,zscore,linear,gaussian,False,False,0,False,,,white,,white,wmmean,ravel,robpca,0.1,10,0,none,False,0.6
6,hippocampal_smoothing,hippocampus_1mm,0.6004190444184476,False,"{""blur_depth_model"": ""boundary_gradient"", ""control_correlation_filter"": false, ""control_correlation_quantile"": null, ""control_correlation_threshold"": 0.6, ""cortical_smoothing"": 10, ""dataset_norm"": ""ravel"", ""hippocampal_smoothing"": 1, ""intensity_depth_model"": ""sample_white"", ""method"": ""zscore"", ""normalization"": ""wmmeanRavel"", ""outlier_method"": ""robpca"", ""prediction_variance_percentile"": null, ""predictive_wscore"": false, ""qc_alpha"": 0.1, ""quant_sample_surface"": ""white"", ""sample_surface"": ""white"", ""scoring_site_covariate"": false, ""site_harmonization"": ""none"", ""subject_norm"": ""wmmean"", ""t1w_flair_self_norm"": null, ""use_curvature_covariates"": false, ""wscore_covariate_model"": ""linear"", ""wscore_distribution"": ""gaussian"", ""wscore_preprocessing"": ""none"", ""wscore_surface_smoothing_iterations"": 0}",0.6004190444184476,0.0,1.0,[0.600419],0.614607,0.52662,0.612139,0.687761,0.539918,0.60293,0.75869,0.530263,0.614173,0.585141,0.697418,0.569998,0.598199,0.583549,0.576168,0.0,0.0,0.0,0.0,0.0,0.0,0.0,0.0,0.0,0.0,0.0,0.0,0.0,0.0,0.0,wmmeanRavel,none,sample_white,boundary_gradient,zscore,linear,gaussian,False,False,0,False,,,white,,white,wmmean,ravel,robpca,0.1,10,1,none,False,0.6
6,hippocampal_smoothing,hippocampus_2mm,0.6019717655193794,False,"{""blur_depth_model"": ""boundary_gradient"", ""control_correlation_filter"": false, ""control_correlation_quantile"": null, ""control_correlation_threshold"": 0.6, ""cortical_smoothing"": 10, ""dataset_norm"": ""ravel"", ""hippocampal_smoothing"": 2, ""intensity_depth_model"": ""sample_white"", ""method"": ""zscore"", ""normalization"": ""wmmeanRavel"", ""outlier_method"": ""robpca"", ""prediction_variance_percentile"": null, ""predictive_wscore"": false, ""qc_alpha"": 0.1, ""quant_sample_surface"": ""white"", ""sample_surface"": ""white"", ""scoring_site_covariate"": false, ""site_harmonization"": ""none"", ""subject_norm"": ""wmmean"", ""t1w_flair_self_norm"": null, ""use_curvature_covariates"": false, ""wscore_covariate_model"": ""linear"", ""wscore_distribution"": ""gaussian"", ""wscore_preprocessing"": ""none"", ""wscore_surface_smoothing_iterations"": 0}",0.6019717655193794,0.0,1.0,[0.601972],0.614607,0.52662,0.612139,0.687761,0.539918,0.60293,0.7695,0.544782,0.598192,0.587477,0.725447,0.577683,0.598199,0.583549,0.576169,0.0,0.0,0.0,0.0,0.0,0.0,0.0,0.0,0.0,0.0,0.0,0.0,0.0,0.0,0.0,wmmeanRavel,none,sample_white,boundary_gradient,zscore,linear,gaussian,False,False,0,False,,,white,,white,wmmean,ravel,robpca,0.1,10,2,none,False,0.6
6,hippocampal_smoothing,hippocampus_5mm,0.6048596384954232,False,"{""blur_depth_model"": ""boundary_gradient"", ""control_correlation_filter"": false, ""control_correlation_quantile"": null, ""control_correlation_threshold"": 0.6, ""cortical_smoothing"": 10, ""dataset_norm"": ""ravel"", ""hippocampal_smoothing"": 5, ""intensity_depth_model"": ""sample_white"", ""method"": ""zscore"", ""normalization"": ""wmmeanRavel"", ""outlier_method"": ""robpca"", ""prediction_variance_percentile"": null, ""predictive_wscore"": false, ""qc_alpha"": 0.1, ""quant_sample_surface"": ""white"", ""sample_surface"": ""white"", ""scoring_site_covariate"": false, ""site_harmonization"": ""none"", ""subject_norm"": ""wmmean"", ""t1w_flair_self_norm"": null, ""use_curvature_covariates"": false, ""wscore_covariate_model"": ""linear"", ""wscore_distribution"": ""gaussian"", ""wscore_preprocessing"": ""none"", ""wscore_surface_smoothing_iterations"": 0}",0.6048596384954232,0.0,1.0,[0.60486],0.614607,0.52662,0.612139,0.687761,0.539918,0.60293,0.801205,0.565732,0.569748,0.5845,0.761582,0.600471,0.598199,0.583549,0.576168,0.0,0.0,0.0,0.0,0.0,0.0,0.0,0.0,0.0,0.0,0.0,0.0,0.0,0.0,0.0,wmmeanRavel,none,sample_white,boundary_gradient,zscore,linear,gaussian,False,False,0,False,,,white,,white,wmmean,ravel,robpca,0.1,10,5,none,False,0.6
6,hippocampal_smoothing,WINNER:hippocampus_5mm,0.6048596384954232,True,"{""blur_depth_model"": ""boundary_gradient"", ""control_correlation_filter"": false, ""control_correlation_quantile"": null, ""control_correlation_threshold"": 0.6, ""cortical_smoothing"": 10, ""dataset_norm"": ""ravel"", ""hippocampal_smoothing"": 5, ""intensity_depth_model"": ""sample_white"", ""method"": ""zscore"", ""normalization"": ""wmmeanRavel"", ""outlier_method"": ""robpca"", ""prediction_variance_percentile"": null, ""predictive_wscore"": false, ""qc_alpha"": 0.1, ""quant_sample_surface"": ""white"", ""sample_surface"": ""white"", ""scoring_site_covariate"": false, ""site_harmonization"": ""none"", ""subject_norm"": ""wmmean"", ""t1w_flair_self_norm"": null, ""use_curvature_covariates"": false, ""wscore_covariate_model"": ""linear"", ""wscore_distribution"": ""gaussian"", ""wscore_preprocessing"": ""none"", ""wscore_surface_smoothing_iterations"": 0}",0.6048596384954232,0.0,1.0,[0.60486],0.614607,0.52662,0.612139,0.687761,0.539918,0.60293,0.801205,0.565732,0.569748,0.5845,0.761582,0.600471,0.598199,0.583549,0.576168,0.0,0.0,0.0,0.0,0.0,0.0,0.0,0.0,0.0,0.0,0.0,0.0,0.0,0.0,0.0,wmmeanRavel,none,sample_white,boundary_gradient,zscore,linear,gaussian,False,False,0,False,,,white,,white,wmmean,ravel,robpca,0.1,10,5,none,False,0.6
6,sample_surface,midthickness,0.6073273452242823,False,"{""blur_depth_model"": ""boundary_gradient"", ""control_correlation_filter"": false, ""control_correlation_quantile"": null, ""control_correlation_threshold"": 0.6, ""cortical_smoothing"": 10, ""dataset_norm"": ""ravel"", ""hippocampal_smoothing"": 5, ""intensity_depth_model"": ""sample_midthickness"", ""method"": ""zscore"", ""normalization"": ""wmmeanRavel"", ""outlier_method"": ""robpca"", ""prediction_variance_percentile"": null, ""predictive_wscore"": false, ""qc_alpha"": 0.1, ""quant_sample_surface"": ""midthickness"", ""sample_surface"": ""midthickness"", ""scoring_site_covariate"": false, ""site_harmonization"": ""none"", ""subject_norm"": ""wmmean"", ""t1w_flair_self_norm"": null, ""use_curvature_covariates"": false, ""wscore_covariate_model"": ""linear"", ""wscore_distribution"": ""gaussian"", ""wscore_preprocessing"": ""none"", ""wscore_surface_smoothing_iterations"": 0}",0.6073273452242823,0.0,1.0,[0.607327],0.614607,0.52662,0.653978,0.687761,0.524606,0.60293,0.801205,0.565732,0.569748,0.5845,0.761582,0.600471,0.598199,0.583549,0.576169,0.0,0.0,0.0,0.0,0.0,0.0,0.0,0.0,0.0,0.0,0.0,0.0,0.0,0.0,0.0,wmmeanRavel,none,sample_midthickness,boundary_gradient,zscore,linear,gaussian,False,False,0,False,,,midthickness,,midthickness,wmmean,ravel,robpca,0.1,10,5,none,False,0.6
6,sample_surface,swm1,0.602969123932813,False,"{""blur_depth_model"": ""boundary_gradient"", ""control_correlation_filter"": false, ""control_correlation_quantile"": null, ""control_correlation_threshold"": 0.6, ""cortical_smoothing"": 10, ""dataset_norm"": ""ravel"", ""hippocampal_smoothing"": 5, ""intensity_depth_model"": ""sample_swm1"", ""method"": ""zscore"", ""normalization"": ""wmmeanRavel"", ""outlier_method"": ""robpca"", ""prediction_variance_percentile"": null, ""predictive_wscore"": false, ""qc_alpha"": 0.1, ""quant_sample_surface"": ""swm1"", ""sample_surface"": ""swm1"", ""scoring_site_covariate"": false, ""site_harmonization"": ""none"", ""subject_norm"": ""wmmean"", ""t1w_flair_self_norm"": null, ""use_curvature_covariates"": false, ""wscore_covariate_model"": ""linear"", ""wscore_distribution"": ""gaussian"", ""wscore_preprocessing"": ""none"", ""wscore_surface_smoothing_iterations"": 0}",0.602969123932813,0.0,1.0,[0.602969],0.614607,0.52662,0.567666,0.687761,0.564068,0.60293,0.801205,0.565732,0.569748,0.5845,0.761582,0.600471,0.598199,0.583549,0.576168,0.0,0.0,0.0,0.0,0.0,0.0,0.0,0.0,0.0,0.0,0.0,0.0,0.0,0.0,0.0,wmmeanRavel,none,sample_swm1,boundary_gradient,zscore,linear,gaussian,False,False,0,False,,,swm1,,swm1,wmmean,ravel,robpca,0.1,10,5,none,False,0.6
6,sample_surface,WINNER:midthickness,0.6073273452242823,True,"{""blur_depth_model"": ""boundary_gradient"", ""control_correlation_filter"": false, ""control_correlation_quantile"": null, ""control_correlation_threshold"": 0.6, ""cortical_smoothing"": 10, ""dataset_norm"": ""ravel"", ""hippocampal_smoothing"": 5, ""intensity_depth_model"": ""sample_midthickness"", ""method"": ""zscore"", ""normalization"": ""wmmeanRavel"", ""outlier_method"": ""robpca"", ""prediction_variance_percentile"": null, ""predictive_wscore"": false, ""qc_alpha"": 0.1, ""quant_sample_surface"": ""midthickness"", ""sample_surface"": ""midthickness"", ""scoring_site_covariate"": false, ""site_harmonization"": ""none"", ""subject_norm"": ""wmmean"", ""t1w_flair_self_norm"": null, ""use_curvature_covariates"": false, ""wscore_covariate_model"": ""linear"", ""wscore_distribution"": ""gaussian"", ""wscore_preprocessing"": ""none"", ""wscore_surface_smoothing_iterations"": 0}",0.6073273452242823,0.0,1.0,[0.607327],0.614607,0.52662,0.653978,0.687761,0.524606,0.60293,0.801205,0.565732,0.569748,0.5845,0.761582,0.600471,0.598199,0.583549,0.576169,0.0,0.0,0.0,0.0,0.0,0.0,0.0,0.0,0.0,0.0,0.0,0.0,0.0,0.0,0.0,wmmeanRavel,none,sample_midthickness,boundary_gradient,zscore,linear,gaussian,False,False,0,False,,,midthickness,,midthickness,wmmean,ravel,robpca,0.1,10,5,none,False,0.6
6,t1w_flair_self_norm,swm2,0.6059118413808922,False,"{""blur_depth_model"": ""boundary_gradient"", ""control_correlation_filter"": false, ""control_correlation_quantile"": null, ""control_correlation_threshold"": 0.6, ""cortical_smoothing"": 10, ""dataset_norm"": ""ravel"", ""hippocampal_smoothing"": 5, ""intensity_depth_model"": ""sample_midthickness_swm2"", ""method"": ""zscore"", ""normalization"": ""wmmeanRavel"", ""outlier_method"": ""robpca"", ""prediction_variance_percentile"": null, ""predictive_wscore"": false, ""qc_alpha"": 0.1, ""quant_sample_surface"": ""midthickness"", ""sample_surface"": ""midthickness"", ""scoring_site_covariate"": false, ""site_harmonization"": ""none"", ""subject_norm"": ""wmmean"", ""t1w_flair_self_norm"": ""swm2"", ""use_curvature_covariates"": false, ""wscore_covariate_model"": ""linear"", ""wscore_distribution"": ""gaussian"", ""wscore_preprocessing"": ""none"", ""wscore_surface_smoothing_iterations"": 0}",0.6059118413808922,0.0,1.0,[0.605912],0.614607,0.52662,0.654905,0.687761,0.508463,0.60293,0.801205,0.565732,0.569748,0.5845,0.761582,0.600471,0.598199,0.583549,0.576169,0.0,0.0,0.0,0.0,0.0,0.0,0.0,0.0,0.0,0.0,0.0,0.0,0.0,0.0,0.0,wmmeanRavel,none,sample_midthickness_swm2,boundary_gradient,zscore,linear,gaussian,False,False,0,False,,,midthickness,swm2,midthickness,wmmean,ravel,robpca,0.1,10,5,none,False,0.6
6,t1w_flair_self_norm,owncortex,0.6037740447077745,False,"{""blur_depth_model"": ""boundary_gradient"", ""control_correlation_filter"": false, ""control_correlation_quantile"": null, ""control_correlation_threshold"": 0.6, ""cortical_smoothing"": 10, ""dataset_norm"": ""ravel"", ""hippocampal_smoothing"": 5, ""intensity_depth_model"": ""sample_midthickness_owncortex"", ""method"": ""zscore"", ""normalization"": ""wmmeanRavel"", ""outlier_method"": ""robpca"", ""prediction_variance_percentile"": null, ""predictive_wscore"": false, ""qc_alpha"": 0.1, ""quant_sample_surface"": ""midthickness"", ""sample_surface"": ""midthickness"", ""scoring_site_covariate"": false, ""site_harmonization"": ""none"", ""subject_norm"": ""wmmean"", ""t1w_flair_self_norm"": ""owncortex"", ""use_curvature_covariates"": false, ""wscore_covariate_model"": ""linear"", ""wscore_distribution"": ""gaussian"", ""wscore_preprocessing"": ""none"", ""wscore_surface_smoothing_iterations"": 0}",0.6037740447077745,0.0,1.0,[0.603774],0.614607,0.52662,0.616999,0.687761,0.523388,0.60293,0.801205,0.565732,0.569748,0.5845,0.761582,0.600471,0.598198,0.583549,0.576168,0.0,0.0,0.0,0.0,0.0,0.0,0.0,0.0,0.0,0.0,0.0,0.0,0.0,0.0,0.0,wmmeanRavel,none,sample_midthickness_owncortex,boundary_gradient,zscore,linear,gaussian,False,False,0,False,,,midthickness,owncortex,midthickness,wmmean,ravel,robpca,0.1,10,5,none,False,0.6
6,t1w_flair_self_norm,WINNER:keep,0.6073273452242823,True,"{""blur_depth_model"": ""boundary_gradient"", ""control_correlation_filter"": false, ""control_correlation_quantile"": null, ""control_correlation_threshold"": 0.6, ""cortical_smoothing"": 10, ""dataset_norm"": ""ravel"", ""hippocampal_smoothing"": 5, ""intensity_depth_model"": ""sample_midthickness"", ""method"": ""zscore"", ""normalization"": ""wmmeanRavel"", ""outlier_method"": ""robpca"", ""prediction_variance_percentile"": null, ""predictive_wscore"": false, ""qc_alpha"": 0.1, ""quant_sample_surface"": ""midthickness"", ""sample_surface"": ""midthickness"", ""scoring_site_covariate"": false, ""site_harmonization"": ""none"", ""subject_norm"": ""wmmean"", ""t1w_flair_self_norm"": null, ""use_curvature_covariates"": false, ""wscore_covariate_model"": ""linear"", ""wscore_distribution"": ""gaussian"", ""wscore_preprocessing"": ""none"", ""wscore_surface_smoothing_iterations"": 0}",0.6073273452242823,0.0,1.0,[0.607327],0.614607,0.52662,0.653978,0.687761,0.524606,0.60293,0.801205,0.565732,0.569748,0.5845,0.761582,0.600471,0.598199,0.583549,0.576169,0.0,0.0,0.0,0.0,0.0,0.0,0.0,0.0,0.0,0.0,0.0,0.0,0.0,0.0,0.0,wmmeanRavel,none,sample_midthickness,boundary_gradient,zscore,linear,gaussian,False,False,0,False,,,midthickness,,midthickness,wmmean,ravel,robpca,0.1,10,5,none,False,0.6
6,blur,gray_white_contrast,0.5926503604896313,False,"{""blur_depth_model"": ""gray_white_contrast"", ""control_correlation_filter"": false, ""control_correlation_quantile"": null, ""control_correlation_threshold"": 0.6, ""cortical_smoothing"": 10, ""dataset_norm"": ""ravel"", ""hippocampal_smoothing"": 5, ""intensity_depth_model"": ""sample_midthickness"", ""method"": ""zscore"", ""normalization"": ""wmmeanRavel"", ""outlier_method"": ""robpca"", ""prediction_variance_percentile"": null, ""predictive_wscore"": false, ""qc_alpha"": 0.1, ""quant_sample_surface"": ""midthickness"", ""sample_surface"": ""midthickness"", ""scoring_site_covariate"": false, ""site_harmonization"": ""none"", ""subject_norm"": ""wmmean"", ""t1w_flair_self_norm"": null, ""use_curvature_covariates"": false, ""wscore_covariate_model"": ""linear"", ""wscore_distribution"": ""gaussian"", ""wscore_preprocessing"": ""none"", ""wscore_surface_smoothing_iterations"": 0}",0.5926503604896313,0.0,1.0,[0.59265],0.614607,0.52662,0.653978,0.579796,0.524606,0.536509,0.801205,0.565732,0.569748,0.5845,0.761582,0.600471,0.598198,0.616766,0.576169,0.0,0.0,0.0,0.0,0.0,0.0,0.0,0.0,0.0,0.0,0.0,0.0,0.0,0.0,0.0,wmmeanRavel,none,sample_midthickness,gray_white_contrast,zscore,linear,gaussian,False,False,0,False,,,midthickness,,midthickness,wmmean,ravel,robpca,0.1,10,5,none,False,0.6
6,blur,juxtacortical_gradient,0.6011660357709195,False,"{""blur_depth_model"": ""juxtacortical_gradient"", ""control_correlation_filter"": false, ""control_correlation_quantile"": null, ""control_correlation_threshold"": 0.6, ""cortical_smoothing"": 10, ""dataset_norm"": ""ravel"", ""hippocampal_smoothing"": 5, ""intensity_depth_model"": ""sample_midthickness"", ""method"": ""zscore"", ""normalization"": ""wmmeanRavel"", ""outlier_method"": ""robpca"", ""prediction_variance_percentile"": null, ""predictive_wscore"": false, ""qc_alpha"": 0.1, ""quant_sample_surface"": ""midthickness"", ""sample_surface"": ""midthickness"", ""scoring_site_covariate"": false, ""site_harmonization"": ""none"", ""subject_norm"": ""wmmean"", ""t1w_flair_self_norm"": null, ""use_curvature_covariates"": false, ""wscore_covariate_model"": ""linear"", ""wscore_distribution"": ""gaussian"", ""wscore_preprocessing"": ""none"", ""wscore_surface_smoothing_iterations"": 0}",0.6011660357709195,0.0,1.0,[0.601166],0.614607,0.526621,0.653978,0.63859,0.524606,0.594021,0.801205,0.565732,0.569748,0.5845,0.761582,0.600471,0.598199,0.56724,0.576168,0.0,0.0,0.0,0.0,0.0,0.0,0.0,0.0,0.0,0.0,0.0,0.0,0.0,0.0,0.0,wmmeanRavel,none,sample_midthickness,juxtacortical_gradient,zscore,linear,gaussian,False,False,0,False,,,midthickness,,midthickness,wmmean,ravel,robpca,0.1,10,5,none,False,0.6
6,blur,WINNER:keep,0.6073273452242823,True,"{""blur_depth_model"": ""boundary_gradient"", ""control_correlation_filter"": false, ""control_correlation_quantile"": null, ""control_correlation_threshold"": 0.6, ""cortical_smoothing"": 10, ""dataset_norm"": ""ravel"", ""hippocampal_smoothing"": 5, ""intensity_depth_model"": ""sample_midthickness"", ""method"": ""zscore"", ""normalization"": ""wmmeanRavel"", ""outlier_method"": ""robpca"", ""prediction_variance_percentile"": null, ""predictive_wscore"": false, ""qc_alpha"": 0.1, ""quant_sample_surface"": ""midthickness"", ""sample_surface"": ""midthickness"", ""scoring_site_covariate"": false, ""site_harmonization"": ""none"", ""subject_norm"": ""wmmean"", ""t1w_flair_self_norm"": null, ""use_curvature_covariates"": false, ""wscore_covariate_model"": ""linear"", ""wscore_distribution"": ""gaussian"", ""wscore_preprocessing"": ""none"", ""wscore_surface_smoothing_iterations"": 0}",0.6073273452242823,0.0,1.0,[0.607327],0.614607,0.52662,0.653978,0.687761,0.524606,0.60293,0.801205,0.565732,0.569748,0.5845,0.761582,0.600471,0.598199,0.583549,0.576169,0.0,0.0,0.0,0.0,0.0,0.0,0.0,0.0,0.0,0.0,0.0,0.0,0.0,0.0,0.0,wmmeanRavel,none,sample_midthickness,boundary_gradient,zscore,linear,gaussian,False,False,0,False,,,midthickness,,midthickness,wmmean,ravel,robpca,0.1,10,5,none,False,0.6
6,site_harmonization,meancenter,0.5992809403743448,False,"{""blur_depth_model"": ""boundary_gradient"", ""control_correlation_filter"": false, ""control_correlation_quantile"": null, ""control_correlation_threshold"": 0.6, ""cortical_smoothing"": 10, ""dataset_norm"": ""ravel"", ""hippocampal_smoothing"": 5, ""intensity_depth_model"": ""sample_midthickness"", ""method"": ""zscore"", ""normalization"": ""wmmeanRavel"", ""outlier_method"": ""robpca"", ""prediction_variance_percentile"": null, ""predictive_wscore"": false, ""qc_alpha"": 0.1, ""quant_sample_surface"": ""midthickness"", ""sample_surface"": ""midthickness"", ""scoring_site_covariate"": false, ""site_harmonization"": ""meancenter"", ""subject_norm"": ""wmmean"", ""t1w_flair_self_norm"": null, ""use_curvature_covariates"": false, ""wscore_covariate_model"": ""linear"", ""wscore_distribution"": ""gaussian"", ""wscore_preprocessing"": ""none"", ""wscore_surface_smoothing_iterations"": 0}",0.5992809403743448,0.0,1.0,[0.599281],0.522611,0.52703,0.652634,0.688919,0.52466,0.6049,0.80861,0.564453,0.569862,0.583629,0.761582,0.60082,0.598199,0.583549,0.576558,0.0,0.0,0.0,0.0,0.0,0.0,0.0,0.0,0.0,0.0,0.0,0.0,0.0,0.0,0.0,wmmeanRavel,none,sample_midthickness,boundary_gradient,zscore,linear,gaussian,False,False,0,False,,,midthickness,,midthickness,wmmean,ravel,robpca,0.1,10,5,meancenter,False,0.6
6,site_harmonization,sitestd_noeb,0.5984782495958868,False,"{""blur_depth_model"": ""boundary_gradient"", ""control_correlation_filter"": false, ""control_correlation_quantile"": null, ""control_correlation_threshold"": 0.6, ""cortical_smoothing"": 10, ""dataset_norm"": ""ravel"", ""hippocampal_smoothing"": 5, ""intensity_depth_model"": ""sample_midthickness"", ""method"": ""zscore"", ""normalization"": ""wmmeanRavel"", ""outlier_method"": ""robpca"", ""prediction_variance_percentile"": null, ""predictive_wscore"": false, ""qc_alpha"": 0.1, ""quant_sample_surface"": ""midthickness"", ""sample_surface"": ""midthickness"", ""scoring_site_covariate"": false, ""site_harmonization"": ""sitestd_noeb"", ""subject_norm"": ""wmmean"", ""t1w_flair_self_norm"": null, ""use_curvature_covariates"": false, ""wscore_covariate_model"": ""linear"", ""wscore_distribution"": ""gaussian"", ""wscore_preprocessing"": ""none"", ""wscore_surface_smoothing_iterations"": 0}",0.5984782495958868,0.0,1.0,[0.598478],0.51792,0.526656,0.654022,0.687808,0.524494,0.604222,0.801363,0.564897,0.571236,0.584493,0.761582,0.601053,0.598199,0.583549,0.575728,0.0,0.0,0.0,0.0,0.0,0.0,0.0,0.0,0.0,0.0,0.0,0.0,0.0,0.0,0.0,wmmeanRavel,none,sample_midthickness,boundary_gradient,zscore,linear,gaussian,False,False,0,False,,,midthickness,,midthickness,wmmean,ravel,robpca,0.1,10,5,sitestd_noeb,False,0.6
6,site_harmonization,combat,0.5979138661391424,False,"{""blur_depth_model"": ""boundary_gradient"", ""control_correlation_filter"": false, ""control_correlation_quantile"": null, ""control_correlation_threshold"": 0.6, ""cortical_smoothing"": 10, ""dataset_norm"": ""ravel"", ""hippocampal_smoothing"": 5, ""intensity_depth_model"": ""sample_midthickness"", ""method"": ""zscore"", ""normalization"": ""wmmeanRavel"", ""outlier_method"": ""robpca"", ""prediction_variance_percentile"": null, ""predictive_wscore"": false, ""qc_alpha"": 0.1, ""quant_sample_surface"": ""midthickness"", ""sample_surface"": ""midthickness"", ""scoring_site_covariate"": false, ""site_harmonization"": ""combat"", ""subject_norm"": ""wmmean"", ""t1w_flair_self_norm"": null, ""use_curvature_covariates"": false, ""wscore_covariate_model"": ""linear"", ""wscore_distribution"": ""gaussian"", ""wscore_preprocessing"": ""none"", ""wscore_surface_smoothing_iterations"": 0}",0.5979138661391424,0.0,1.0,[0.597914],0.517524,0.526152,0.653187,0.689304,0.523642,0.605735,0.802107,0.561604,0.56924,0.581513,0.761582,0.600511,0.598199,0.583549,0.573272,0.0,0.0,0.0,0.0,0.0,0.0,0.0,0.0,0.0,0.0,0.0,0.0,0.0,0.0,0.0,wmmeanRavel,none,sample_midthickness,boundary_gradient,zscore,linear,gaussian,False,False,0,False,,,midthickness,,midthickness,wmmean,ravel,robpca,0.1,10,5,combat,False,0.6
6,site_harmonization,mcombat_ref,0.5989715504495408,False,"{""blur_depth_model"": ""boundary_gradient"", ""control_correlation_filter"": false, ""control_correlation_quantile"": null, ""control_correlation_threshold"": 0.6, ""cortical_smoothing"": 10, ""dataset_norm"": ""ravel"", ""hippocampal_smoothing"": 5, ""intensity_depth_model"": ""sample_midthickness"", ""method"": ""zscore"", ""normalization"": ""wmmeanRavel"", ""outlier_method"": ""robpca"", ""prediction_variance_percentile"": null, ""predictive_wscore"": false, ""qc_alpha"": 0.1, ""quant_sample_surface"": ""midthickness"", ""sample_surface"": ""midthickness"", ""scoring_site_covariate"": false, ""site_harmonization"": ""mcombat_ref"", ""subject_norm"": ""wmmean"", ""t1w_flair_self_norm"": null, ""use_curvature_covariates"": false, ""wscore_covariate_model"": ""linear"", ""wscore_distribution"": ""gaussian"", ""wscore_preprocessing"": ""none"", ""wscore_surface_smoothing_iterations"": 0}",0.5989715504495408,0.0,1.0,[0.598972],0.521372,0.526281,0.653497,0.68787,0.523776,0.603814,0.808959,0.564755,0.571322,0.584548,0.761582,0.601064,0.598199,0.583549,0.575741,0.0,0.0,0.0,0.0,0.0,0.0,0.0,0.0,0.0,0.0,0.0,0.0,0.0,0.0,0.0,wmmeanRavel,none,sample_midthickness,boundary_gradient,zscore,linear,gaussian,False,False,0,False,,,midthickness,,midthickness,wmmean,ravel,robpca,0.1,10,5,mcombat_ref,False,0.6
6,site_harmonization,WINNER:keep,0.6073273452242823,True,"{""blur_depth_model"": ""boundary_gradient"", ""control_correlation_filter"": false, ""control_correlation_quantile"": null, ""control_correlation_threshold"": 0.6, ""cortical_smoothing"": 10, ""dataset_norm"": ""ravel"", ""hippocampal_smoothing"": 5, ""intensity_depth_model"": ""sample_midthickness"", ""method"": ""zscore"", ""normalization"": ""wmmeanRavel"", ""outlier_method"": ""robpca"", ""prediction_variance_percentile"": null, ""predictive_wscore"": false, ""qc_alpha"": 0.1, ""quant_sample_surface"": ""midthickness"", ""sample_surface"": ""midthickness"", ""scoring_site_covariate"": false, ""site_harmonization"": ""none"", ""subject_norm"": ""wmmean"", ""t1w_flair_self_norm"": null, ""use_curvature_covariates"": false, ""wscore_covariate_model"": ""linear"", ""wscore_distribution"": ""gaussian"", ""wscore_preprocessing"": ""none"", ""wscore_surface_smoothing_iterations"": 0}",0.6073273452242823,0.0,1.0,[0.607327],0.614607,0.52662,0.653978,0.687761,0.524606,0.60293,0.801205,0.565732,0.569748,0.5845,0.761582,0.600471,0.598199,0.583549,0.576169,0.0,0.0,0.0,0.0,0.0,0.0,0.0,0.0,0.0,0.0,0.0,0.0,0.0,0.0,0.0,wmmeanRavel,none,sample_midthickness,boundary_gradient,zscore,linear,gaussian,False,False,0,False,,,midthickness,,midthickness,wmmean,ravel,robpca,0.1,10,5,none,False,0.6
6,scoring,zscore,0.6073273452242823,False,"{""blur_depth_model"": ""boundary_gradient"", ""control_correlation_filter"": false, ""control_correlation_quantile"": null, ""control_correlation_threshold"": 0.6, ""cortical_smoothing"": 10, ""dataset_norm"": ""ravel"", ""hippocampal_smoothing"": 5, ""intensity_depth_model"": ""sample_midthickness"", ""method"": ""zscore"", ""normalization"": ""wmmeanRavel"", ""outlier_method"": ""robpca"", ""prediction_variance_percentile"": null, ""predictive_wscore"": false, ""qc_alpha"": 0.1, ""quant_sample_surface"": ""midthickness"", ""sample_surface"": ""midthickness"", ""scoring_site_covariate"": false, ""site_harmonization"": ""none"", ""subject_norm"": ""wmmean"", ""t1w_flair_self_norm"": null, ""use_curvature_covariates"": false, ""wscore_covariate_model"": ""linear"", ""wscore_distribution"": ""gaussian"", ""wscore_preprocessing"": ""none"", ""wscore_surface_smoothing_iterations"": 0}",0.6073273452242823,0.0,1.0,[0.607327],0.614607,0.52662,0.653978,0.687761,0.524606,0.60293,0.801205,0.565732,0.569748,0.5845,0.761582,0.600471,0.598199,0.583549,0.576169,0.0,0.0,0.0,0.0,0.0,0.0,0.0,0.0,0.0,0.0,0.0,0.0,0.0,0.0,0.0,wmmeanRavel,none,sample_midthickness,boundary_gradient,zscore,linear,gaussian,False,False,0,False,,,midthickness,,midthickness,wmmean,ravel,robpca,0.1,10,5,none,False,0.6
6,scoring,wscore_demographics,0.6114406049604957,False,"{""blur_depth_model"": ""boundary_gradient"", ""control_correlation_filter"": false, ""control_correlation_quantile"": null, ""control_correlation_threshold"": 0.6, ""cortical_smoothing"": 10, ""dataset_norm"": ""ravel"", ""hippocampal_smoothing"": 5, ""intensity_depth_model"": ""sample_midthickness"", ""method"": ""wscore"", ""normalization"": ""wmmeanRavel"", ""outlier_method"": ""robpca"", ""prediction_variance_percentile"": null, ""predictive_wscore"": false, ""qc_alpha"": 0.1, ""quant_sample_surface"": ""midthickness"", ""sample_surface"": ""midthickness"", ""scoring_site_covariate"": false, ""site_harmonization"": ""none"", ""subject_norm"": ""wmmean"", ""t1w_flair_self_norm"": null, ""use_curvature_covariates"": false, ""wscore_covariate_model"": ""linear"", ""wscore_distribution"": ""gaussian"", ""wscore_preprocessing"": ""none"", ""wscore_surface_smoothing_iterations"": 0}",0.6114406049604957,0.0,1.0,[0.611441],0.597476,0.536529,0.670633,0.701929,0.527863,0.585041,0.802655,0.567245,0.638348,0.592711,0.732728,0.595573,0.622335,0.575821,0.57299,0.0,0.0,0.0,0.0,0.0,0.0,0.0,0.0,0.0,0.0,0.0,0.0,0.0,0.0,0.0,wmmeanRavel,none,sample_midthickness,boundary_gradient,wscore,linear,gaussian,False,False,0,False,,,midthickness,,midthickness,wmmean,ravel,robpca,0.1,10,5,none,False,0.6
6,scoring,knn_half_controls,0.5995285625987363,False,"{""blur_depth_model"": ""boundary_gradient"", ""control_correlation_filter"": false, ""control_correlation_quantile"": null, ""control_correlation_threshold"": 0.6, ""cortical_smoothing"": 10, ""dataset_norm"": ""ravel"", ""hippocampal_smoothing"": 5, ""intensity_depth_model"": ""sample_midthickness"", ""method"": ""wscore"", ""normalization"": ""wmmeanRavel"", ""outlier_method"": ""robpca"", ""prediction_variance_percentile"": null, ""predictive_wscore"": false, ""qc_alpha"": 0.1, ""quant_sample_surface"": ""midthickness"", ""sample_surface"": ""midthickness"", ""scoring_site_covariate"": false, ""site_harmonization"": ""none"", ""subject_norm"": ""wmmean"", ""t1w_flair_self_norm"": null, ""use_curvature_covariates"": false, ""wscore_covariate_model"": ""knn"", ""wscore_distribution"": ""gaussian"", ""wscore_preprocessing"": ""none"", ""wscore_surface_smoothing_iterations"": 0}",0.5995285625987363,0.0,1.0,[0.599529],0.583527,0.532961,0.644909,0.664892,0.527561,0.583654,0.791493,0.532931,0.637343,0.59073,0.72894,0.582316,0.606389,0.579413,0.564886,0.0,0.0,0.0,0.0,0.0,0.0,0.0,0.0,0.0,0.0,0.0,0.0,0.0,0.0,0.0,wmmeanRavel,none,sample_midthickness,boundary_gradient,wscore,knn,gaussian,False,False,0,False,,,midthickness,,midthickness,wmmean,ravel,robpca,0.1,10,5,none,False,0.6
6,scoring,gp_rbf_ard,0.6086797823722936,False,"{""blur_depth_model"": ""boundary_gradient"", ""control_correlation_filter"": false, ""control_correlation_quantile"": null, ""control_correlation_threshold"": 0.6, ""cortical_smoothing"": 10, ""dataset_norm"": ""ravel"", ""hippocampal_smoothing"": 5, ""intensity_depth_model"": ""sample_midthickness"", ""method"": ""wscore"", ""normalization"": ""wmmeanRavel"", ""outlier_method"": ""robpca"", ""prediction_variance_percentile"": null, ""predictive_wscore"": false, ""qc_alpha"": 0.1, ""quant_sample_surface"": ""midthickness"", ""sample_surface"": ""midthickness"", ""scoring_site_covariate"": false, ""site_harmonization"": ""none"", ""subject_norm"": ""wmmean"", ""t1w_flair_self_norm"": null, ""use_curvature_covariates"": false, ""wscore_covariate_model"": ""gaussian_process"", ""wscore_distribution"": ""gaussian"", ""wscore_preprocessing"": ""none"", ""wscore_surface_smoothing_iterations"": 0}",0.6086797823722936,0.0,1.0,[0.60868],0.617814,0.52775,0.654427,0.687739,0.524351,0.595575,0.800192,0.566778,0.572286,0.578085,0.773465,0.596615,0.632895,0.581648,0.578036,0.0,0.0,0.0,0.0,0.0,0.0,0.0,0.0,0.0,0.0,0.0,0.0,0.0,0.0,0.0,wmmeanRavel,none,sample_midthickness,boundary_gradient,wscore,gaussian_process,gaussian,False,False,0,False,,,midthickness,,midthickness,wmmean,ravel,robpca,0.1,10,5,none,False,0.6
6,scoring,gp_matern32_ard,0.6080584208228509,False,"{""blur_depth_model"": ""boundary_gradient"", ""control_correlation_filter"": false, ""control_correlation_quantile"": null, ""control_correlation_threshold"": 0.6, ""cortical_smoothing"": 10, ""dataset_norm"": ""ravel"", ""hippocampal_smoothing"": 5, ""intensity_depth_model"": ""sample_midthickness"", ""method"": ""wscore"", ""normalization"": ""wmmeanRavel"", ""outlier_method"": ""robpca"", ""prediction_variance_percentile"": null, ""predictive_wscore"": false, ""qc_alpha"": 0.1, ""quant_sample_surface"": ""midthickness"", ""sample_surface"": ""midthickness"", ""scoring_site_covariate"": false, ""site_harmonization"": ""none"", ""subject_norm"": ""wmmean"", ""t1w_flair_self_norm"": null, ""use_curvature_covariates"": false, ""wscore_covariate_model"": ""gaussian_process_matern32"", ""wscore_distribution"": ""gaussian"", ""wscore_preprocessing"": ""none"", ""wscore_surface_smoothing_iterations"": 0}",0.6080584208228509,0.0,1.0,[0.608058],0.613601,0.527616,0.654283,0.687694,0.525865,0.595526,0.800111,0.567446,0.572597,0.578661,0.766312,0.596494,0.632543,0.577905,0.577587,0.0,0.0,0.0,0.0,0.0,0.0,0.0,0.0,0.0,0.0,0.0,0.0,0.0,0.0,0.0,wmmeanRavel,none,sample_midthickness,boundary_gradient,wscore,gaussian_process_matern32,gaussian,False,False,0,False,,,midthickness,,midthickness,wmmean,ravel,robpca,0.1,10,5,none,False,0.6
6,scoring,gp_matern52_ard,0.6073090419115501,False,"{""blur_depth_model"": ""boundary_gradient"", ""control_correlation_filter"": false, ""control_correlation_quantile"": null, ""control_correlation_threshold"": 0.6, ""cortical_smoothing"": 10, ""dataset_norm"": ""ravel"", ""hippocampal_smoothing"": 5, ""intensity_depth_model"": ""sample_midthickness"", ""method"": ""wscore"", ""normalization"": ""wmmeanRavel"", ""outlier_method"": ""robpca"", ""prediction_variance_percentile"": null, ""predictive_wscore"": false, ""qc_alpha"": 0.1, ""quant_sample_surface"": ""midthickness"", ""sample_surface"": ""midthickness"", ""scoring_site_covariate"": false, ""site_harmonization"": ""none"", ""subject_norm"": ""wmmean"", ""t1w_flair_self_norm"": null, ""use_curvature_covariates"": false, ""wscore_covariate_model"": ""gaussian_process_matern52"", ""wscore_distribution"": ""gaussian"", ""wscore_preprocessing"": ""none"", ""wscore_surface_smoothing_iterations"": 0}",0.6073090419115501,0.0,1.0,[0.607309],0.612945,0.527666,0.654378,0.687696,0.52529,0.595536,0.800033,0.566915,0.572512,0.579882,0.734904,0.597633,0.632965,0.577652,0.577538,0.0,0.0,0.0,0.0,0.0,0.0,0.0,0.0,0.0,0.0,0.0,0.0,0.0,0.0,0.0,wmmeanRavel,none,sample_midthickness,boundary_gradient,wscore,gaussian_process_matern52,gaussian,False,False,0,False,,,midthickness,,midthickness,wmmean,ravel,robpca,0.1,10,5,none,False,0.6
6,scoring,gp_rational_quadratic_ard,0.6083029892451285,False,"{""blur_depth_model"": ""boundary_gradient"", ""control_correlation_filter"": false, ""control_correlation_quantile"": null, ""control_correlation_threshold"": 0.6, ""cortical_smoothing"": 10, ""dataset_norm"": ""ravel"", ""hippocampal_smoothing"": 5, ""intensity_depth_model"": ""sample_midthickness"", ""method"": ""wscore"", ""normalization"": ""wmmeanRavel"", ""outlier_method"": ""robpca"", ""prediction_variance_percentile"": null, ""predictive_wscore"": false, ""qc_alpha"": 0.1, ""quant_sample_surface"": ""midthickness"", ""sample_surface"": ""midthickness"", ""scoring_site_covariate"": false, ""site_harmonization"": ""none"", ""subject_norm"": ""wmmean"", ""t1w_flair_self_norm"": null, ""use_curvature_covariates"": false, ""wscore_covariate_model"": ""gaussian_process_rational_quadratic"", ""wscore_distribution"": ""gaussian"", ""wscore_preprocessing"": ""none"", ""wscore_surface_smoothing_iterations"": 0}",0.6083029892451285,0.0,1.0,[0.608303],0.617852,0.527778,0.654347,0.687732,0.524529,0.595555,0.799916,0.56797,0.572447,0.576296,0.767804,0.597126,0.632936,0.577452,0.577441,0.0,0.0,0.0,0.0,0.0,0.0,0.0,0.0,0.0,0.0,0.0,0.0,0.0,0.0,0.0,wmmeanRavel,none,sample_midthickness,boundary_gradient,wscore,gaussian_process_rational_quadratic,gaussian,False,False,0,False,,,midthickness,,midthickness,wmmean,ravel,robpca,0.1,10,5,none,False,0.6
6,scoring,WINNER:wscore_demographics,0.6114406049604957,True,"{""blur_depth_model"": ""boundary_gradient"", ""control_correlation_filter"": false, ""control_correlation_quantile"": null, ""control_correlation_threshold"": 0.6, ""cortical_smoothing"": 10, ""dataset_norm"": ""ravel"", ""hippocampal_smoothing"": 5, ""intensity_depth_model"": ""sample_midthickness"", ""method"": ""wscore"", ""normalization"": ""wmmeanRavel"", ""outlier_method"": ""robpca"", ""prediction_variance_percentile"": null, ""predictive_wscore"": false, ""qc_alpha"": 0.1, ""quant_sample_surface"": ""midthickness"", ""sample_surface"": ""midthickness"", ""scoring_site_covariate"": false, ""site_harmonization"": ""none"", ""subject_norm"": ""wmmean"", ""t1w_flair_self_norm"": null, ""use_curvature_covariates"": false, ""wscore_covariate_model"": ""linear"", ""wscore_distribution"": ""gaussian"", ""wscore_preprocessing"": ""none"", ""wscore_surface_smoothing_iterations"": 0}",0.6114406049604957,0.0,1.0,[0.611441],0.597476,0.536529,0.670633,0.701929,0.527863,0.585041,0.802655,0.567245,0.638348,0.592711,0.732728,0.595573,0.622335,0.575821,0.57299,0.0,0.0,0.0,0.0,0.0,0.0,0.0,0.0,0.0,0.0,0.0,0.0,0.0,0.0,0.0,wmmeanRavel,none,sample_midthickness,boundary_gradient,wscore,linear,gaussian,False,False,0,False,,,midthickness,,midthickness,wmmean,ravel,robpca,0.1,10,5,none,False,0.6
6,gp_uncertainty,keep(skipped:condition-not-met),0.6114406049604957,True,"{""blur_depth_model"": ""boundary_gradient"", ""control_correlation_filter"": false, ""control_correlation_quantile"": null, ""control_correlation_threshold"": 0.6, ""cortical_smoothing"": 10, ""dataset_norm"": ""ravel"", ""hippocampal_smoothing"": 5, ""intensity_depth_model"": ""sample_midthickness"", ""method"": ""wscore"", ""normalization"": ""wmmeanRavel"", ""outlier_method"": ""robpca"", ""prediction_variance_percentile"": null, ""predictive_wscore"": false, ""qc_alpha"": 0.1, ""quant_sample_surface"": ""midthickness"", ""sample_surface"": ""midthickness"", ""scoring_site_covariate"": false, ""site_harmonization"": ""none"", ""subject_norm"": ""wmmean"", ""t1w_flair_self_norm"": null, ""use_curvature_covariates"": false, ""wscore_covariate_model"": ""linear"", ""wscore_distribution"": ""gaussian"", ""wscore_preprocessing"": ""none"", ""wscore_surface_smoothing_iterations"": 0}",,,,,,,,,,,,,,,,,,,,,,,,,,,,,,,,,,,wmmeanRavel,none,sample_midthickness,boundary_gradient,wscore,linear,gaussian,False,False,0,False,,,midthickness,,midthickness,wmmean,ravel,robpca,0.1,10,5,none,False,0.6
